{"cameraMode":{"drawMode":0,"name":"Shaded","section":"Shading Mode"},"sceneLighting":false,"audioPlay":false,"sceneViewState":{"m_AlwaysRefresh":true,"showFog":false,"showSkybox":false,"showFlares":true,"showImageEffects":true,"showParticleSystems":true,"showVisualEffectGraphs":true,"m_FxEnabled":true},"in2DMode":false,"pivot":{"x":6.3204545974731449,"y":0.36868834495544436,"z":0.748363733291626},"rotation":{"x":0.04762909933924675,"y":0.6169835329055786,"z":-0.037430454045534137,"w":0.784727931022644},"size":5.368803024291992,"orthographic":false}