{"cameraMode":{"drawMode":0,"name":"Shaded","section":"Shading Mode"},"sceneLighting":false,"audioPlay":false,"sceneViewState":{"m_AlwaysRefresh":true,"showFog":false,"showSkybox":false,"showFlares":true,"showImageEffects":true,"showParticleSystems":true,"showVisualEffectGraphs":true,"m_FxEnabled":true},"in2DMode":false,"pivot":{"x":-4.368552207946777,"y":1.6288394927978516,"z":1.2171235084533692},"rotation":{"x":0.04879411309957504,"y":-0.7272400856018066,"z":0.052064958959817889,"w":0.6827968955039978},"size":5.904811382293701,"orthographic":false}