{"cameraMode":{"drawMode":0,"name":"Shaded","section":"Shading Mode"},"sceneLighting":true,"audioPlay":false,"sceneViewState":{"m_AlwaysRefresh":true,"showFog":false,"showSkybox":true,"showFlares":true,"showImageEffects":true,"showParticleSystems":true,"showVisualEffectGraphs":true,"m_FxEnabled":true},"in2DMode":false,"pivot":{"x":-11.406270980834961,"y":7.981357574462891,"z":101.01249694824219},"rotation":{"x":-0.05221228674054146,"y":0.010255292057991028,"z":-0.0010810715612024069,"w":-0.9993017315864563},"size":119.48219299316406,"orthographic":false}