{"cameraMode":{"drawMode":0,"name":"Shaded","section":"Shading Mode"},"sceneLighting":false,"audioPlay":false,"sceneViewState":{"m_AlwaysRefresh":true,"showFog":false,"showSkybox":false,"showFlares":true,"showImageEffects":true,"showParticleSystems":true,"showVisualEffectGraphs":true,"m_FxEnabled":true},"in2DMode":false,"pivot":{"x":1.6047128438949586,"y":0.9988363981246948,"z":0.9878495931625366},"rotation":{"x":0.11670324951410294,"y":-0.7608616352081299,"z":0.14271289110183717,"w":0.6222216486930847},"size":0.5943596363067627,"orthographic":false}