{"cameraMode":{"drawMode":0,"name":"Shaded","section":"Shading Mode"},"sceneLighting":false,"audioPlay":false,"sceneViewState":{"m_AlwaysRefresh":true,"showFog":false,"showSkybox":false,"showFlares":true,"showImageEffects":true,"showParticleSystems":true,"showVisualEffectGraphs":true,"m_FxEnabled":true},"in2DMode":false,"pivot":{"x":-0.04490363597869873,"y":2.2418112754821779,"z":-0.27327871322631838},"rotation":{"x":0.024844450876116754,"y":-0.7705154418945313,"z":0.030065741389989854,"w":0.6363105177879334},"size":5.555804252624512,"orthographic":false}